{
  "final_f1_score": 0.0,
  "per_class_optimal_parameters": {
    "day": {
      "per_class_params": {
        "0": {
          "params": {
            "model_confidences": [
              0.7500000000000001,
              0.8500000000000002
            ],
            "iou_thr": 0.5,
            "skip_box_thr": 0.001,
            "weights": [
              1,
              1
            ]
          },
          "f1_score": 0.807528230365785,
          "class_name": "Bus"
        },
        "1": {
          "params": {
            "model_confidences": [
              0.7000000000000001,
              0.8000000000000002
            ],
            "iou_thr": 0.55,
            "skip_box_thr": 0.0001,
            "weights": [
              5,
              3
            ]
          },
          "f1_score": 0.7726049613320729,
          "class_name": "Bike"
        },
        "2": {
          "params": {
            "model_confidences": [
              0.7500000000000001,
              0.8500000000000002
            ],
            "iou_thr": 0.5,
            "skip_box_thr": 0.0001,
            "weights": [
              5,
              3
            ]
          },
          "f1_score": 0.8168494744126453,
          "class_name": "Car"
        },
        "3": {
          "params": {
            "model_confidences": [
              0.7000000000000001,
              0.7000000000000001
            ],
            "iou_thr": 0.6,
            "skip_box_thr": 0.0001,
            "weights": [
              1,
              1
            ]
          },
          "f1_score": 0.7252048986620674,
          "class_name": "Pedestrian"
        },
        "4": {
          "params": {
            "model_confidences": [
              0.8000000000000002,
              0.8500000000000002
            ],
            "iou_thr": 0.45,
            "skip_box_thr": 0.0001,
            "weights": [
              5,
              3
            ]
          },
          "f1_score": 0.7754229736790448,
          "class_name": "Truck"
        }
      }
    },
    "night": {
      "per_class_params": {
        "0": {
          "params": {
            "model_confidences": [
              0.6499999999999999,
              0.49999999999999994
            ],
            "iou_thr": 0.45,
            "skip_box_thr": 0.001,
            "weights": [
              7,
              3
            ]
          },
          "f1_score": 0.8765957441808512,
          "class_name": "Bus"
        },
        "1": {
          "params": {
            "model_confidences": [
              0.7499999999999999,
              0.7999999999999998
            ],
            "iou_thr": 0.6,
            "skip_box_thr": 0.0001,
            "weights": [
              7,
              3
            ]
          },
          "f1_score": 0.665916398213838,
          "class_name": "Bike"
        },
        "2": {
          "params": {
            "model_confidences": [
              0.7499999999999999,
              0.8499999999999999
            ],
            "iou_thr": 0.55,
            "skip_box_thr": 0.001,
            "weights": [
              7,
              3
            ]
          },
          "f1_score": 0.8232664751448189,
          "class_name": "Car"
        },
        "3": {
          "params": {
            "model_confidences": [
              0.7499999999999999,
              0.49999999999999994
            ],
            "iou_thr": 0.45,
            "skip_box_thr": 0.0001,
            "weights": [
              7,
              3
            ]
          },
          "f1_score": 0.6881578942382272,
          "class_name": "Pedestrian"
        },
        "4": {
          "params": {
            "model_confidences": [
              0.6499999999999999,
              0.8499999999999999
            ],
            "iou_thr": 0.5,
            "skip_box_thr": 0.0001,
            "weights": [
              3,
              5
            ]
          },
          "f1_score": 0.9166666661666666,
          "class_name": "Truck"
        }
      }
    }
  }
}

